[ec2-user@ip-10-1-10-141 ~]$ mysql -h uaa-recoverability-lab01-db.cg8cbhghxawn.us-east-1.rds.amazonaws.com -u admin -p
Enter password: 
Welcome to the MariaDB monitor.  Commands end with ; or \g.
Your MySQL connection id is 67
Server version: 8.0.32 Source distribution

Copyright (c) 2000, 2018, Oracle, MariaDB Corporation Ab and others.

Type 'help;' or '\h' for help. Type '\c' to clear the current input statement.

MySQL [(none)]> USE udacity
Database changed
MySQL [udacity]> SHOW TABLES;
Empty set (0.001 sec)

MySQL [udacity]> CREATE TABLE pokemon
    -> Ctrl-C -- exit!
Aborted
[ec2-user@ip-10-1-10-141 ~]$ mysql -h uaa-recoverability-lab01-db.cg8cbhghxawn.us-east-1.rds.amazonaws.com -u admin -p
Enter password: 
Welcome to the MariaDB monitor.  Commands end with ; or \g.
Your MySQL connection id is 68
Server version: 8.0.32 Source distribution

Copyright (c) 2000, 2018, Oracle, MariaDB Corporation Ab and others.

Type 'help;' or '\h' for help. Type '\c' to clear the current input statement.

MySQL [(none)]> SHOW TABLES;
ERROR 1046 (3D000): No database selected
MySQL [(none)]> USE udacity
Database changed
MySQL [udacity]> CREATE TABLE Persons (
    ->     PersonID int,
    ->     LastName varchar(255),
    ->     FirstName varchar(255),
    ->     Address varchar(255),
    ->     City varchar(255)
    -> );
Query OK, 0 rows affected (0.117 sec)

MySQL [udacity]> SHOW TABLES;
+-------------------+
| Tables_in_udacity |
+-------------------+
| Persons           |
+-------------------+
1 row in set (0.002 sec)

MySQL [udacity]> INSERT INTO Persons VALUES('123232423423','Le', 'Van Thong', '836 DN', 'Danang')
    -> ;
Query OK, 1 row affected, 1 warning (0.011 sec)

MySQL [udacity]> SELECT * FROM PERSONS
    -> ;
ERROR 1146 (42S02): Table 'udacity.PERSONS' doesn't exist
MySQL [udacity]> SELECT * FROM Persons
    -> ;
+------------+----------+-----------+---------+--------+
| PersonID   | LastName | FirstName | Address | City   |
+------------+----------+-----------+---------+--------+
| 2147483647 | Le       | Van Thong | 836 DN  | Danang |
+------------+----------+-----------+---------+--------+
1 row in set (0.001 sec)

MySQL [udacity]> 